frame,x0,y0,c0,x1,y1,c1,x2,y2,c2,x3,y3,c3,x4,y4,c4,x5,y5,c5,x6,y6,c6,x7,y7,c7,x8,y8,c8,x9,y9,c9,x10,y10,c10,x11,y11,c11,x12,y12,c12,x13,y13,c13,x14,y14,c14,x15,y15,c15,x16,y16,c16
0,0.45361844,0.117499866,0.983906,0.5057697,0.093559876,0.95547926,0.4012735,0.09877468,0.9510068,0.60624903,0.0952886,0.77652997,0.34007657,0.108354494,0.71549064,0.7647465,0.19668584,0.9892229,0.26851356,0.20842944,0.99180204,0.93206364,0.35534066,0.960652,0.13312033,0.353838,0.9701208,0.7766031,0.43268186,0.95035684,0.17243697,0.4112676,0.9572362,0.70905644,0.4557559,0.9860022,0.346623,0.457018,0.9871656,0.74957836,0.58719254,0.95701075,0.17966694,0.5968939,0.9620782,0.81661856,0.85886484,0.8120329,0.12409068,0.87305665,0.8302079
1,0.44828567,0.105651096,0.98387367,0.5037915,0.08337684,0.9592168,0.39400327,0.08855907,0.9413434,0.6129923,0.092322975,0.8219964,0.33583373,0.10280217,0.6697999,0.75522214,0.19649996,0.9952695,0.26576042,0.20270434,0.99055934,0.92543864,0.34748814,0.9830056,0.11126384,0.34186894,0.96265143,0.7362545,0.41493708,0.96955293,0.2006563,0.40362453,0.946301,0.673032,0.440602,0.9945075,0.32129523,0.44302833,0.9926118,0.696282,0.58326364,0.980584,0.1815553,0.60071486,0.9746664,0.7723863,0.8715965,0.8867981,0.15455517,0.89250416,0.86828643
2,0.43579042,0.104583606,0.98219395,0.49029467,0.08253408,0.9560576,0.3799899,0.08765861,0.9362504,0.5967683,0.09287529,0.82539636,0.31998762,0.10330647,0.67775047,0.7599038,0.20275784,0.9954586,0.23345532,0.20795402,0.990457,0.92764723,0.35742262,0.9825053,0.075626984,0.35155305,0.95871043,0.717598,0.42354923,0.9671358,0.19460733,0.4131714,0.93943584,0.6645922,0.45293406,0.9940223,0.2980169,0.453423,0.99175113,0.64693177,0.6216793,0.9769135,0.17394657,0.629165,0.96903896,0.71486634,0.885923,0.86572325,0.18340254,0.88871217,0.84250396
3,0.45548117,0.10610208,0.9826202,0.50973296,0.08311077,0.95471627,0.39579225,0.0882218,0.9424828,0.61271423,0.094592236,0.8020679,0.32325506,0.105035216,0.69909215,0.7702064,0.20835535,0.994128,0.2328057,0.21129346,0.9895107,0.93022716,0.36990502,0.9772016,0.07518736,0.3586124,0.9558211,0.7193583,0.43837273,0.96006894,0.16467497,0.41866216,0.93654937,0.66841733,0.46048275,0.9897509,0.29255188,0.4588809,0.9869092,0.6550689,0.61373246,0.96074504,0.16281582,0.61181957,0.950545,0.73691034,0.89552283,0.79706275,0.18934298,0.8825154,0.77251905
4,0.46456483,0.102006994,0.98398095,0.5153791,0.07950926,0.9543217,0.40567896,0.08473315,0.9479333,0.6123379,0.09019195,0.78653693,0.33248648,0.100940645,0.71744066,0.76126575,0.19977911,0.99439913,0.25101256,0.2020774,0.9914055,0.9231583,0.35605025,0.9784895,0.09276241,0.34050223,0.96613765,0.72004145,0.42428088,0.96256536,0.16338468,0.39730048,0.9491274,0.6769953,0.44770703,0.99286723,0.31172344,0.44664803,0.99156284,0.6897146,0.5892966,0.9744434,0.16349562,0.59173644,0.97018325,0.7814217,0.8827471,0.860589,0.15201591,0.87807614,0.8491173
5,0.48005873,0.10780721,0.9836802,0.53302324,0.08397888,0.95234877,0.42413333,0.088421114,0.9550527,0.6217025,0.09539139,0.7595233,0.3496036,0.106548816,0.7525876,0.7800804,0.21361099,0.9873404,0.25972256,0.22177254,0.99216366,0.9208593,0.38073817,0.9510224,0.1341588,0.37107712,0.9704476,0.7448965,0.46348965,0.93864244,0.16672868,0.43035063,0.9554109,0.7170487,0.4922937,0.9793402,0.33975962,0.489818,0.9827434,0.72756153,0.6234619,0.92913336,0.14307003,0.6181655,0.94136035,0.8040582,0.8887861,0.722786,0.12463733,0.87975705,0.75597835
6,0.47579375,0.10143475,0.98403317,0.5279905,0.08008874,0.9524859,0.42033964,0.08357962,0.9534072,0.6230591,0.09461884,0.76916903,0.34921506,0.10160505,0.7433788,0.77144295,0.20481972,0.99263954,0.2595922,0.21071295,0.9914206,0.93291116,0.35909405,0.97096395,0.11898071,0.3559424,0.96804994,0.7752641,0.4368691,0.95037895,0.1642969,0.40653968,0.94826937,0.6946408,0.45812452,0.98849165,0.3262001,0.45814717,0.98810273,0.74769616,0.59401214,0.95023304,0.16110498,0.5952014,0.94911265,0.799794,0.867391,0.7547579,0.1134937,0.8631429,0.752943
7,0.50237453,0.09636594,0.9848571,0.5533992,0.07586514,0.95437914,0.45021313,0.079901144,0.9523732,0.6438112,0.08944371,0.77690923,0.38088036,0.096922204,0.73472935,0.76547664,0.1936935,0.9943263,0.30112162,0.19928738,0.9924508,0.93013376,0.3428326,0.97837317,0.15442853,0.3359723,0.9717719,0.74271923,0.41446438,0.96377575,0.22705765,0.38962847,0.9572077,0.6907909,0.43263042,0.99404365,0.35583737,0.43590093,0.99342173,0.72650474,0.5649838,0.97941464,0.22139986,0.5878134,0.97787774,0.7715815,0.8534831,0.8846762,0.17405924,0.8846682,0.87952447
8,0.460061,0.09920406,0.9830703,0.5136469,0.07772829,0.9541314,0.40219957,0.08206822,0.9442594,0.61196643,0.09129961,0.79632765,0.33022216,0.09979476,0.7103089,0.7619159,0.20287848,0.99463993,0.23404881,0.2049595,0.9906076,0.9290467,0.357381,0.9792529,0.07577729,0.346739,0.9613146,0.70998794,0.4221144,0.9632282,0.19700836,0.41098064,0.94339776,0.66150826,0.45121026,0.99279225,0.28903553,0.4511811,0.9908698,0.67693865,0.60123485,0.97315276,0.16553447,0.61034155,0.96690494,0.7351135,0.87994593,0.8519949,0.14733358,0.88688225,0.8340453
9,0.46474984,0.099030994,0.98274994,0.5176567,0.07778212,0.95263135,0.40657547,0.08200493,0.9455703,0.6139753,0.09124524,0.78789073,0.33209044,0.09962267,0.7196839,0.76928014,0.2016199,0.9938206,0.23123446,0.20385003,0.99018747,0.92762893,0.3559098,0.97587204,0.078963034,0.3450917,0.959772,0.70991445,0.42127645,0.95794374,0.17625876,0.3992601,0.9406224,0.67335635,0.4504432,0.9900031,0.29383656,0.4491924,0.987917,0.6884875,0.6099621,0.9586996,0.1701566,0.60856354,0.9508357,0.77355236,0.8828336,0.7806901,0.18506841,0.87157995,0.76151246
10,0.48936293,0.098389424,0.98259854,0.54111636,0.077390775,0.95310265,0.4331106,0.08094574,0.949498,0.62668216,0.088891566,0.77349406,0.3558738,0.09835285,0.7325291,0.7716401,0.19839905,0.98910564,0.258452,0.20341526,0.99072254,0.91960955,0.3493288,0.9588994,0.12094186,0.3361001,0.96273285,0.742121,0.42561203,0.9449045,0.17714916,0.39339045,0.94655776,0.68364054,0.45521948,0.9825251,0.31796986,0.45330477,0.9827564,0.7064956,0.6279504,0.93163836,0.19148831,0.6275792,0.93438804,0.760376,0.8689764,0.6950165,0.15814376,0.8658551,0.70797753
11,0.49428684,0.10414026,0.98401123,0.54823583,0.08164214,0.9525363,0.43782404,0.084941186,0.9559897,0.63278556,0.09550065,0.75682527,0.35611525,0.104094215,0.7613714,0.77650225,0.21194254,0.98862666,0.25609398,0.21913803,0.9926111,0.9188079,0.37191403,0.9554404,0.12717108,0.36801383,0.9711573,0.7676867,0.45337898,0.9428519,0.16735944,0.42781508,0.9564398,0.70102364,0.48393765,0.9830474,0.32515478,0.48141947,0.98534167,0.7195539,0.6151379,0.94531584,0.14850003,0.60719603,0.9534835,0.7895686,0.88751173,0.7768994,0.13922048,0.8734858,0.80217874
12,0.47173163,0.1004558,0.9836767,0.52457887,0.07936904,0.951691,0.41338634,0.083380826,0.9511843,0.61873055,0.09490748,0.7708589,0.33493456,0.102827705,0.7418982,0.76295066,0.20762278,0.9933662,0.24003918,0.20999615,0.9913072,0.92887723,0.36450806,0.97342885,0.08211265,0.35170054,0.96569777,0.7292887,0.4385223,0.95545465,0.13511607,0.41225418,0.94799,0.6674797,0.45555246,0.9898067,0.29749712,0.4549258,0.98882467,0.6983318,0.59216976,0.961678,0.17398672,0.5963709,0.95860296,0.7593069,0.8714541,0.8087521,0.16290984,0.871944,0.80167425
13,0.46581498,0.10002146,0.9830389,0.5205987,0.07903135,0.95223624,0.40663832,0.08350158,0.9466868,0.61907625,0.093098626,0.78683347,0.32918268,0.10158052,0.72746086,0.7652152,0.20474093,0.9942486,0.23551057,0.20735784,0.9913408,0.92851627,0.35811844,0.97684413,0.079036385,0.34685686,0.96403265,0.7299333,0.42776284,0.95924205,0.16592231,0.40977284,0.94514894,0.6666838,0.4531416,0.99231553,0.29602605,0.45277527,0.99097276,0.6415644,0.6185424,0.9705466,0.15535909,0.62572014,0.9659331,0.7071126,0.8838656,0.83978635,0.16102447,0.88797456,0.8269953
14,0.4707454,0.09807954,0.98251903,0.5223383,0.07714761,0.9517775,0.41029468,0.08225389,0.9451483,0.61747026,0.091428496,0.7870495,0.3332122,0.10180055,0.72346294,0.77168214,0.20320079,0.99393904,0.23710169,0.20419072,0.99022317,0.92784995,0.3555087,0.97567296,0.08082281,0.33820796,0.9587597,0.70032275,0.41842178,0.9573454,0.16534081,0.396431,0.9390311,0.6604235,0.44846198,0.99028945,0.2872476,0.4464255,0.98821604,0.6448327,0.61944556,0.9598222,0.17266108,0.6193198,0.95194143,0.72726816,0.8794676,0.783947,0.19213359,0.8705678,0.7641123
15,0.47452226,0.09977843,0.9836233,0.527151,0.078997895,0.95264405,0.41736436,0.08260401,0.94970495,0.6223167,0.09333484,0.7792699,0.3423409,0.10042901,0.7328499,0.7701877,0.20343706,0.9936528,0.24814615,0.20323567,0.9912589,0.92991984,0.35715687,0.97487575,0.091860615,0.33882827,0.96551746,0.72858584,0.42652446,0.95665145,0.14671534,0.38939565,0.94695973,0.6737064,0.4466094,0.9906446,0.30178618,0.44375822,0.9894964,0.6990659,0.5930376,0.96345043,0.15973076,0.58996725,0.9594765,0.7724554,0.87057364,0.8094961,0.14643061,0.85970265,0.80026704
16,0.50067425,0.10187258,0.98397475,0.55292666,0.07958623,0.95059186,0.44378453,0.08377981,0.95824116,0.6332808,0.0923,0.740811,0.36011514,0.10245617,0.77529067,0.7719864,0.20655082,0.98758614,0.26202828,0.21536826,0.99273187,0.92531896,0.36748907,0.95089215,0.13129999,0.36029628,0.972376,0.7621677,0.4465943,0.938351,0.17163122,0.4173135,0.9579525,0.7009698,0.4706541,0.98206884,0.33257142,0.47139347,0.9853175,0.7273691,0.6103103,0.93902844,0.17034574,0.61886656,0.9510762,0.7898391,0.85941094,0.7501384,0.13797238,0.8723223,0.7827366
17,0.485743,0.10217324,0.98447615,0.5368474,0.08118452,0.9499344,0.4273134,0.0845382,0.95661294,0.6257643,0.095533945,0.74552083,0.34329787,0.102115415,0.76784074,0.76172084,0.20653437,0.99273515,0.24392949,0.20768476,0.9920739,0.9287593,0.35961476,0.97020334,0.091052756,0.34841105,0.96978384,0.7548647,0.43373206,0.9510189,0.13124815,0.41230345,0.952177,0.66385907,0.45524478,0.98940724,0.29471496,0.4537968,0.9893672,0.7163365,0.59623307,0.95957243,0.17384154,0.59582055,0.95986295,0.7785133,0.87955815,0.8001634,0.14579448,0.87368286,0.80214286
18,0.4806531,0.09875476,0.9833677,0.5320918,0.0779678,0.9487317,0.42000216,0.0819972,0.9517563,0.6215004,0.0930606,0.75337476,0.33267918,0.10098818,0.75428385,0.765564,0.20381135,0.9931793,0.22991532,0.20565371,0.99152035,0.9292962,0.35965258,0.97193956,0.07522626,0.3503875,0.965703,0.723031,0.42681104,0.9536208,0.14692596,0.40803325,0.94801676,0.6689228,0.44614854,0.9898128,0.2915161,0.44461858,0.9890549,0.6766934,0.5893505,0.9643355,0.1703698,0.5858795,0.9618735,0.76218414,0.8760682,0.8227197,0.19759937,0.8617138,0.8179298
19,0.48153746,0.098103434,0.9838621,0.5344837,0.07733062,0.95130616,0.42293972,0.081443444,0.9526093,0.6274946,0.091245666,0.76170003,0.3426466,0.09896958,0.7466343,0.76585084,0.19961043,0.9930195,0.24493298,0.20150664,0.9912157,0.9293754,0.35202956,0.97245425,0.08809431,0.3381306,0.9661243,0.7298746,0.41583487,0.9543585,0.1628151,0.38897732,0.94860536,0.6726291,0.44254726,0.98980635,0.30141562,0.4427638,0.9890216,0.6984577,0.59075654,0.9593547,0.16769125,0.59967566,0.9567968,0.7696382,0.862589,0.78808075,0.14782307,0.87031996,0.7814096
